SampleID,PrepBatch,Tech,Project,CellLine,Species,Genotype,Treatment1,Treatment2,Time_hr,LibraryPrepKit,LibraryPrepLot,LibInputSampleType,Input_ng,SpikeIn,InputWellLocation,KAPAAdapter,Index_1_i7,Index_2_i5,TagSeq_TagRead,PCRCycles,FinalBeadSelectionRatio,ElutionVolume_uL,DateQC,QubitConc_nguL,Yield_ng,Peak_ModeSize_bp,ModeMolarity_nM,Region_MeanSize_bp,MeanMolarity_nM,DateSubmission,CoreSubmittedTo,NumberReadsRequested,PE_or_SE,ReadLength,DateSeqReceived,SeqBatch,Lane,PF_Clusters,Percent_Lane,Percent_PerfectBarcode,Percent_OneMismatchBarcode,Yield_Mbases,Percent_PF_Clusters,Percent_GreaterThanEqualToQ30_Bases,MeanQualityScore,Comments
NM2025_0001,20250324,AB,Heide,MCFSIX1,human,normoxic,DMSO,RepA,,Qiagen_miRNA,77202278,RPFs,,S2_1percent,B2,QIASeq_RUDI_PlateE_A9,TCAATATCCG,CGCAGTCCTA,NA,16,QiagenQMNDualSelect,15,20250326,0.776,11.64,190,6.2,190,6.2,20250407,Novogene,60000000,PE,150,,,,,,,,,,,,
NM2025_0002,20250324,AB,Heide,MCFSIX1,human,normoxic,DMSO,RepB,,Qiagen_miRNA,77202278,RPFs,,S2_1percent,C2,QIASeq_RUDI_PlateE_B9,AGAACACGAT,ACTGTTCATC,NA,16,QiagenQMNDualSelect,15,20250326,2.5,37.50,190,19.9,190,19.9,20250407,Novogene,60000000,PE,150,,,,,,,,,,,,
NM2025_0003,20250324,AB,Heide,MCFSIX1,human,normoxic,DMSO,RepC,,Qiagen_miRNA,77202278,RPFs,,S2_1percent,D2,QIASeq_RUDI_PlateE_C9,CGGATAACCG,CTCACAGGAA,NA,16,QiagenQMNDualSelect,15,20250326,2.02,30.30,190,16.1,190,16.1,20250407,Novogene,60000000,PE,150,,,,,,,,,,,,
NM2025_0004,20250324,AB,Heide,MCFSIX1,human,normoxic,8430,RepA,,Qiagen_miRNA,77202278,RPFs,,S2_1percent,E2,QIASeq_RUDI_PlateE_D9,TGTTCACCTC,GTTCGCCAGT,NA,16,QiagenQMNDualSelect,15,20250326,3.3,49.50,190,26.3,190,26.3,20250407,Novogene,60000000,PE,150,,,,,,,,,,,,
NM2025_0005,20250324,AB,Heide,MCFSIX1,human,normoxic,8430,RepB,,Qiagen_miRNA,77202278,RPFs,,S2_1percent,F2,QIASeq_RUDI_PlateE_E9,AGGCGAGAGA,TAACAGGCCG,NA,16,QiagenQMNDualSelect,15,20250326,1.786,26.79,190,14.2,190,14.2,20250407,Novogene,60000000,PE,150,,,,,,,,,,,,
NM2025_0006,20250324,AB,Heide,MCFSIX1,human,normoxic,8430,RepC,,Qiagen_miRNA,77202278,RPFs,,S2_1percent,G2,QIASeq_RUDI_PlateE_F9,CCGGTAATAA,ACTCGAACGC,NA,16,QiagenQMNDualSelect,15,20250326,1.002,15.03,190,8.0,190,8.0,20250407,Novogene,60000000,PE,150,,,,,,,,,,,,
NM2025_0007,20250324,AB,Heide,MCFSIX1,human,hypoxic,DMSO,RepA,1,Qiagen_miRNA,77202278,RPFs,,S2_1percent,B4,QIASeq_RUDI_PlateE_A10,TTATGTGCAC,GTACCTAGTG,NA,16,QiagenQMNDualSelect,15,20250326,2.3,34.50,190,18.3,190,18.3,20250407,Novogene,60000000,PE,150,,,,,,,,,,,,
NM2025_0008,20250324,AB,Heide,MCFSIX1,human,hypoxic,DMSO,RepB,1,Qiagen_miRNA,77202278,RPFs,,S2_1percent,C4,QIASeq_RUDI_PlateE_B10,TCGTAGTGTA,TGGACATCCT,NA,16,QiagenQMNDualSelect,15,20250326,0.786,11.79,190,6.3,190,6.3,20250407,Novogene,60000000,PE,150,,,,,,,,,,,,
NM2025_0009,20250324,AB,Heide,MCFSIX1,human,hypoxic,DMSO,RepC,1,Qiagen_miRNA,77202278,RPFs,,S2_1percent,D4,QIASeq_RUDI_PlateE_C10,TTCGCCGAAC,TCCAACTCTA,NA,16,QiagenQMNDualSelect,15,20250326,1.264,18.96,190,10.1,190,10.1,20250407,Novogene,60000000,PE,150,,,,,,,,,,,,
NM2025_0010,20250324,AB,Heide,MCFSIX1,human,hypoxic,8430,RepA,1,Qiagen_miRNA,77202278,RPFs,,S2_1percent,E4,QIASeq_RUDI_PlateE_D10,GAAGGTGCCT,AGCGAGAGTG,NA,16,QiagenQMNDualSelect,15,20250326,0.634,9.51,190,5.1,190,5.1,20250407,Novogene,60000000,PE,150,,,,,,,,,,,,
NM2025_0011,20250324,AB,Heide,MCFSIX1,human,hypoxic,8430,RepB,1,Qiagen_miRNA,77202278,RPFs,,S2_1percent,F4,QIASeq_RUDI_PlateE_E10,CAATTAGGAG,CCGAACAAGT,NA,16,QiagenQMNDualSelect,15,20250326,0.722,10.83,190,5.8,190,5.8,20250407,Novogene,60000000,PE,150,,,,,,,,,,,,
NM2025_0012,20250324,AB,Heide,MCFSIX1,human,hypoxic,8430,RepC,1,Qiagen_miRNA,77202278,RPFs,,S2_1percent,G4,QIASeq_RUDI_PlateE_F10,AGGTTAGGTC,TTGGCATTAC,NA,16,QiagenQMNDualSelect,15,20250326,0.638,9.57,190,5.1,190,5.1,20250407,Novogene,60000000,PE,150,,,,,,,,,,,,
NM2025_0031,20250401,AB,Heide,MCFSIX1,human,normoxic,DMSO,RepA,,KAPA_RNAHyper,141963,rRNADepletion,420.8,S2_1percent,B2,KAPA UDI A8,CATGATCG,TACTCTCC,NA,10,0.8,20,20250403,2.78,55.60,383,11.0,413,10.2,20250407,Novogene,30000000,PE,150,,,,,,,,,,,,
NM2025_0032,20250401,AB,Heide,MCFSIX1,human,normoxic,DMSO,RepB,,KAPA_RNAHyper,141963,rRNADepletion,421.6,S2_1percent,C2,KAPA UDI B8,TCCTTGGT,GAATCGAC,NA,10,0.8,20,20250403,2.16,43.20,385,8.5,431,7.6,20250407,Novogene,30000000,PE,150,,,,,,,,,,,,
NM2025_0033,20250401,AB,Heide,MCFSIX1,human,normoxic,DMSO,RepC,,KAPA_RNAHyper,141963,rRNADepletion,475.2,S2_1percent,D2,KAPA UDI C8,GTCATCTA,TCCAACCA,NA,10,0.8,20,20250403,1.98,39.60,382,7.9,421,7.1,20250407,Novogene,30000000,PE,150,,,,,,,,,,,,
NM2025_0034,20250401,AB,Heide,MCFSIX1,human,normoxic,8430,RepA,,KAPA_RNAHyper,141963,rRNADepletion,488,S2_1percent,E2,KAPA UDI D8,GAACCTAG,CTGGTATT,NA,10,0.8,20,20250403,2.08,41.60,385,8.2,414,7.6,20250407,Novogene,30000000,PE,150,,,,,,,,,,,,
NM2025_0035,20250401,AB,Heide,MCFSIX1,human,normoxic,8430,RepB,,KAPA_RNAHyper,141963,rRNADepletion,321.6,S2_1percent,F2,KAPA UDI E8,CAGCAAGG,CCTCTAAC,NA,10,0.8,20,20250403,1.682,33.64,394,6.5,417,6.1,20250407,Novogene,30000000,PE,150,,,,,,,,,,,,
NM2025_0036,20250401,AB,Heide,MCFSIX1,human,normoxic,8430,RepC,,KAPA_RNAHyper,141963,rRNADepletion,476,S2_1percent,G2,KAPA UDI F8,CGTTACCA,GAACGCTA,NA,10,0.8,20,20250403,1.162,23.24,395,4.5,439,4.0,20250407,Novogene,30000000,PE,150,,,,,,,,,,,,
NM2025_0037,20250401,AB,Heide,MCFSIX1,human,hypoxic,DMSO,RepA,1,KAPA_RNAHyper,141963,rRNADepletion,472,S2_1percent,B4,KAPA UDI A9,TTACGCAC,GACCATCT,NA,10,0.8,20,20250403,6.04,120.80,388,23.6,419,21.8,20250407,Novogene,30000000,PE,150,,,,,,,,,,,,
NM2025_0038,20250401,AB,Heide,MCFSIX1,human,hypoxic,DMSO,RepB,1,KAPA_RNAHyper,141963,rRNADepletion,536,S2_1percent,C4,KAPA UDI B9,AGGTTATC,ATCATACC,NA,10,0.8,20,20250403,7.88,157.60,384,31.1,432,27.6,20250407,Novogene,30000000,PE,150,,,,,,,,,,,,
NM2025_0039,20250401,AB,Heide,MCFSIX1,human,hypoxic,DMSO,RepC,1,KAPA_RNAHyper,141963,rRNADepletion,413.6,S2_1percent,D4,KAPA UDI C9,TCGCCTTG,GCTGATTC,NA,10,0.8,20,20250403,7.84,156.80,389,30.5,441,26.9,20250407,Novogene,30000000,PE,150,,,,,,,,,,,,
NM2025_0040,20250401,AB,Heide,MCFSIX1,human,hypoxic,8430,RepA,1,KAPA_RNAHyper,141963,rRNADepletion,420,S2_1percent,E4,KAPA UDI D9,CCAGAGCT,CGAACTTC,NA,10,0.8,20,20250403,3.36,67.20,392,13.0,429,11.9,20250407,Novogene,30000000,PE,150,,,,,,,,,,,,
NM2025_0041,20250401,AB,Heide,MCFSIX1,human,hypoxic,8430,RepB,1,KAPA_RNAHyper,141963,rRNADepletion,546.4,S2_1percent,F4,KAPA UDI E9,TACTTAGC,AGGTACCA,NA,10,0.8,20,20250403,2.98,59.60,373,12.1,391,11.5,20250407,Novogene,30000000,PE,150,,,,,,,,,,,,
NM2025_0042,20250401,AB,Heide,MCFSIX1,human,hypoxic,8430,RepC,1,KAPA_RNAHyper,141963,rRNADepletion,512,S2_1percent,G4,KAPA UDI F9,GTCTGATG,ATATCCGA,NA,10,0.8,20,20250403,5.86,117.20,389,22.8,432,20.6,20250407,Novogene,30000000,PE,150,,,,,,,,,,,,